StartPoint,512,912
NotVertical,0.5773503,616.3967,512,165.5898
Vertical,165.5898,712,312
NotVertical,-0.5773503,407.6033,165.5898,512
NotVertical,0.5773501,-183.6032,512,858.4102
Vertical,858.4102,311.9999,712
NotVertical,-0.5773502,1207.603,858.4102,512
