StartPoint,512,699.405
NotVertical,1.732051,-187.405,256,512
NotVertical,0,256,256,768
NotVertical,-1.732051,1586.215,512,768
